StaffID,Name,Role,Contact,ShiftTiming,AssignedLocationID
S1,StaffName_0,Nurse,111-0,09:00-17:00,9
S2,StaffName_1,Nurse,111-1,09:00-17:00,7
S3,StaffName_2,Nurse,111-2,09:00-17:00,2
S4,StaffName_3,Nurse,111-3,09:00-17:00,1
S5,StaffName_4,Nurse,111-4,09:00-17:00,4
S6,StaffName_5,Nurse,111-5,09:00-17:00,2
S7,StaffName_6,Nurse,111-6,09:00-17:00,5
S8,StaffName_7,Nurse,111-7,09:00-17:00,10
S9,StaffName_8,Nurse,111-8,09:00-17:00,4
S10,StaffName_9,Nurse,111-9,09:00-17:00,5
S11,StaffName_10,Nurse,111-10,09:00-17:00,10
S12,StaffName_11,Nurse,111-11,09:00-17:00,4
S13,StaffName_12,Nurse,111-12,09:00-17:00,7
S14,StaffName_13,Nurse,111-13,09:00-17:00,10
S15,StaffName_14,Nurse,111-14,09:00-17:00,4
S16,StaffName_15,Nurse,111-15,09:00-17:00,8
S17,StaffName_16,Nurse,111-16,09:00-17:00,5
S18,StaffName_17,Nurse,111-17,09:00-17:00,1
S19,StaffName_18,Nurse,111-18,09:00-17:00,5
S20,StaffName_19,Nurse,111-19,09:00-17:00,10
S21,StaffName_20,Nurse,111-20,09:00-17:00,7
S22,StaffName_21,Nurse,111-21,09:00-17:00,1
S23,StaffName_22,Nurse,111-22,09:00-17:00,10
S24,StaffName_23,Nurse,111-23,09:00-17:00,6
S25,StaffName_24,Nurse,111-24,09:00-17:00,1
S26,StaffName_25,Nurse,111-25,09:00-17:00,5
S27,StaffName_26,Nurse,111-26,09:00-17:00,5
S28,StaffName_27,Nurse,111-27,09:00-17:00,8
S29,StaffName_28,Nurse,111-28,09:00-17:00,10
S30,StaffName_29,Nurse,111-29,09:00-17:00,8
S31,StaffName_30,Nurse,111-30,09:00-17:00,9
S32,StaffName_31,Nurse,111-31,09:00-17:00,3
S33,StaffName_32,Nurse,111-32,09:00-17:00,8
S34,StaffName_33,Nurse,111-33,09:00-17:00,1
S35,StaffName_34,Nurse,111-34,09:00-17:00,1
S36,StaffName_35,Nurse,111-35,09:00-17:00,7
S37,StaffName_36,Nurse,111-36,09:00-17:00,3
S38,StaffName_37,Nurse,111-37,09:00-17:00,3
S39,StaffName_38,Nurse,111-38,09:00-17:00,7
S40,StaffName_39,Nurse,111-39,09:00-17:00,7
S41,StaffName_40,Nurse,111-40,09:00-17:00,8
S42,StaffName_41,Nurse,111-41,09:00-17:00,1
S43,StaffName_42,Nurse,111-42,09:00-17:00,1
S44,StaffName_43,Nurse,111-43,09:00-17:00,8
S45,StaffName_44,Nurse,111-44,09:00-17:00,8
S46,StaffName_45,Nurse,111-45,09:00-17:00,1
S47,StaffName_46,Nurse,111-46,09:00-17:00,10
S48,StaffName_47,Nurse,111-47,09:00-17:00,9
S49,StaffName_48,Nurse,111-48,09:00-17:00,6
S50,StaffName_49,Nurse,111-49,09:00-17:00,9
S51,StaffName_50,Nurse,111-50,09:00-17:00,3
S52,StaffName_51,Nurse,111-51,09:00-17:00,5
S53,StaffName_52,Nurse,111-52,09:00-17:00,1
S54,StaffName_53,Nurse,111-53,09:00-17:00,3
S55,StaffName_54,Nurse,111-54,09:00-17:00,9
S56,StaffName_55,Nurse,111-55,09:00-17:00,8
S57,StaffName_56,Nurse,111-56,09:00-17:00,1
S58,StaffName_57,Nurse,111-57,09:00-17:00,9
S59,StaffName_58,Nurse,111-58,09:00-17:00,8
S60,StaffName_59,Nurse,111-59,09:00-17:00,7
S61,StaffName_60,Nurse,111-60,09:00-17:00,4
S62,StaffName_61,Nurse,111-61,09:00-17:00,4
S63,StaffName_62,Nurse,111-62,09:00-17:00,8
S64,StaffName_63,Nurse,111-63,09:00-17:00,4
S65,StaffName_64,Nurse,111-64,09:00-17:00,9
S66,StaffName_65,Nurse,111-65,09:00-17:00,5
S67,StaffName_66,Nurse,111-66,09:00-17:00,2
S68,StaffName_67,Nurse,111-67,09:00-17:00,7
S69,StaffName_68,Nurse,111-68,09:00-17:00,3
S70,StaffName_69,Nurse,111-69,09:00-17:00,6
S71,StaffName_70,Nurse,111-70,09:00-17:00,6
S72,StaffName_71,Nurse,111-71,09:00-17:00,6
S73,StaffName_72,Nurse,111-72,09:00-17:00,4
S74,StaffName_73,Nurse,111-73,09:00-17:00,8
S75,StaffName_74,Nurse,111-74,09:00-17:00,8
S76,StaffName_75,Nurse,111-75,09:00-17:00,3
S77,StaffName_76,Nurse,111-76,09:00-17:00,1
S78,StaffName_77,Nurse,111-77,09:00-17:00,5
S79,StaffName_78,Nurse,111-78,09:00-17:00,10
S80,StaffName_79,Nurse,111-79,09:00-17:00,8
S81,StaffName_80,Nurse,111-80,09:00-17:00,3
S82,StaffName_81,Nurse,111-81,09:00-17:00,3
S83,StaffName_82,Nurse,111-82,09:00-17:00,4
S84,StaffName_83,Nurse,111-83,09:00-17:00,5
S85,StaffName_84,Nurse,111-84,09:00-17:00,9
S86,StaffName_85,Nurse,111-85,09:00-17:00,10
S87,StaffName_86,Nurse,111-86,09:00-17:00,5
S88,StaffName_87,Nurse,111-87,09:00-17:00,10
S89,StaffName_88,Nurse,111-88,09:00-17:00,10
S90,StaffName_89,Nurse,111-89,09:00-17:00,9
S91,StaffName_90,Nurse,111-90,09:00-17:00,3
S92,StaffName_91,Nurse,111-91,09:00-17:00,6
S93,StaffName_92,Nurse,111-92,09:00-17:00,2
S94,StaffName_93,Nurse,111-93,09:00-17:00,2
S95,StaffName_94,Nurse,111-94,09:00-17:00,10
S96,StaffName_95,Nurse,111-95,09:00-17:00,1
S97,StaffName_96,Nurse,111-96,09:00-17:00,7
S98,StaffName_97,Nurse,111-97,09:00-17:00,4
S99,StaffName_98,Nurse,111-98,09:00-17:00,9
S100,StaffName_99,Nurse,111-99,09:00-17:00,10
S101,StaffName_100,Nurse,111-100,09:00-17:00,4
S102,StaffName_101,Nurse,111-101,09:00-17:00,7
S103,StaffName_102,Nurse,111-102,09:00-17:00,5
S104,StaffName_103,Nurse,111-103,09:00-17:00,6
S105,StaffName_104,Nurse,111-104,09:00-17:00,1
S106,StaffName_105,Nurse,111-105,09:00-17:00,7
S107,StaffName_106,Nurse,111-106,09:00-17:00,8
S108,StaffName_107,Nurse,111-107,09:00-17:00,5
S109,StaffName_108,Nurse,111-108,09:00-17:00,5
S110,StaffName_109,Nurse,111-109,09:00-17:00,1
S111,StaffName_110,Nurse,111-110,09:00-17:00,6
S112,StaffName_111,Nurse,111-111,09:00-17:00,1
S113,StaffName_112,Nurse,111-112,09:00-17:00,3
S114,StaffName_113,Nurse,111-113,09:00-17:00,3
S115,StaffName_114,Nurse,111-114,09:00-17:00,6
S116,StaffName_115,Nurse,111-115,09:00-17:00,4
S117,StaffName_116,Nurse,111-116,09:00-17:00,2
S118,StaffName_117,Nurse,111-117,09:00-17:00,2
S119,StaffName_118,Nurse,111-118,09:00-17:00,5
S120,StaffName_119,Nurse,111-119,09:00-17:00,3
S121,StaffName_120,Nurse,111-120,09:00-17:00,6
S122,StaffName_121,Nurse,111-121,09:00-17:00,8
S123,StaffName_122,Nurse,111-122,09:00-17:00,1
S124,StaffName_123,Nurse,111-123,09:00-17:00,3
S125,StaffName_124,Nurse,111-124,09:00-17:00,7
S126,StaffName_125,Nurse,111-125,09:00-17:00,9
S127,StaffName_126,Nurse,111-126,09:00-17:00,1
S128,StaffName_127,Nurse,111-127,09:00-17:00,4
S129,StaffName_128,Nurse,111-128,09:00-17:00,2
S130,StaffName_129,Nurse,111-129,09:00-17:00,10
S131,StaffName_130,Nurse,111-130,09:00-17:00,5
S132,StaffName_131,Nurse,111-131,09:00-17:00,8
S133,StaffName_132,Nurse,111-132,09:00-17:00,10
S134,StaffName_133,Nurse,111-133,09:00-17:00,8
S135,StaffName_134,Nurse,111-134,09:00-17:00,7
S136,StaffName_135,Nurse,111-135,09:00-17:00,4
S137,StaffName_136,Nurse,111-136,09:00-17:00,6
S138,StaffName_137,Nurse,111-137,09:00-17:00,10
S139,StaffName_138,Nurse,111-138,09:00-17:00,5
S140,StaffName_139,Nurse,111-139,09:00-17:00,9
S141,StaffName_140,Nurse,111-140,09:00-17:00,3
S142,StaffName_141,Nurse,111-141,09:00-17:00,4
S143,StaffName_142,Nurse,111-142,09:00-17:00,3
S144,StaffName_143,Nurse,111-143,09:00-17:00,3
S145,StaffName_144,Nurse,111-144,09:00-17:00,6
S146,StaffName_145,Nurse,111-145,09:00-17:00,8
S147,StaffName_146,Nurse,111-146,09:00-17:00,9
S148,StaffName_147,Nurse,111-147,09:00-17:00,1
S149,StaffName_148,Nurse,111-148,09:00-17:00,2
S150,StaffName_149,Nurse,111-149,09:00-17:00,10
S151,StaffName_150,Nurse,111-150,09:00-17:00,5
S152,StaffName_151,Nurse,111-151,09:00-17:00,10
S153,StaffName_152,Nurse,111-152,09:00-17:00,3
S154,StaffName_153,Nurse,111-153,09:00-17:00,7
S155,StaffName_154,Nurse,111-154,09:00-17:00,10
S156,StaffName_155,Nurse,111-155,09:00-17:00,8
S157,StaffName_156,Nurse,111-156,09:00-17:00,10
S158,StaffName_157,Nurse,111-157,09:00-17:00,5
S159,StaffName_158,Nurse,111-158,09:00-17:00,3
S160,StaffName_159,Nurse,111-159,09:00-17:00,7
S161,StaffName_160,Nurse,111-160,09:00-17:00,8
S162,StaffName_161,Nurse,111-161,09:00-17:00,3
S163,StaffName_162,Nurse,111-162,09:00-17:00,10
S164,StaffName_163,Nurse,111-163,09:00-17:00,3
S165,StaffName_164,Nurse,111-164,09:00-17:00,5
S166,StaffName_165,Nurse,111-165,09:00-17:00,8
S167,StaffName_166,Nurse,111-166,09:00-17:00,5
S168,StaffName_167,Nurse,111-167,09:00-17:00,2
S169,StaffName_168,Nurse,111-168,09:00-17:00,3
S170,StaffName_169,Nurse,111-169,09:00-17:00,1
S171,StaffName_170,Nurse,111-170,09:00-17:00,5
S172,StaffName_171,Nurse,111-171,09:00-17:00,1
S173,StaffName_172,Nurse,111-172,09:00-17:00,6
S174,StaffName_173,Nurse,111-173,09:00-17:00,1
S175,StaffName_174,Nurse,111-174,09:00-17:00,1
S176,StaffName_175,Nurse,111-175,09:00-17:00,4
S177,StaffName_176,Nurse,111-176,09:00-17:00,10
S178,StaffName_177,Nurse,111-177,09:00-17:00,5
S179,StaffName_178,Nurse,111-178,09:00-17:00,7
S180,StaffName_179,Nurse,111-179,09:00-17:00,7
S181,StaffName_180,Nurse,111-180,09:00-17:00,10
S182,StaffName_181,Nurse,111-181,09:00-17:00,6
S183,StaffName_182,Nurse,111-182,09:00-17:00,5
S184,StaffName_183,Nurse,111-183,09:00-17:00,10
S185,StaffName_184,Nurse,111-184,09:00-17:00,7
S186,StaffName_185,Nurse,111-185,09:00-17:00,10
S187,StaffName_186,Nurse,111-186,09:00-17:00,10
S188,StaffName_187,Nurse,111-187,09:00-17:00,10
S189,StaffName_188,Nurse,111-188,09:00-17:00,8
S190,StaffName_189,Nurse,111-189,09:00-17:00,7
S191,StaffName_190,Nurse,111-190,09:00-17:00,2
S192,StaffName_191,Nurse,111-191,09:00-17:00,8
S193,StaffName_192,Nurse,111-192,09:00-17:00,10
S194,StaffName_193,Nurse,111-193,09:00-17:00,2
S195,StaffName_194,Nurse,111-194,09:00-17:00,1
S196,StaffName_195,Nurse,111-195,09:00-17:00,2
S197,StaffName_196,Nurse,111-196,09:00-17:00,2
S198,StaffName_197,Nurse,111-197,09:00-17:00,5
S199,StaffName_198,Nurse,111-198,09:00-17:00,1
S200,StaffName_199,Nurse,111-199,09:00-17:00,9
S201,StaffName_200,Nurse,111-200,09:00-17:00,4
S202,StaffName_201,Nurse,111-201,09:00-17:00,5
S203,StaffName_202,Nurse,111-202,09:00-17:00,6
S204,StaffName_203,Nurse,111-203,09:00-17:00,3
S205,StaffName_204,Nurse,111-204,09:00-17:00,1
S206,StaffName_205,Nurse,111-205,09:00-17:00,7
S207,StaffName_206,Nurse,111-206,09:00-17:00,6
S208,StaffName_207,Nurse,111-207,09:00-17:00,5
S209,StaffName_208,Nurse,111-208,09:00-17:00,5
S210,StaffName_209,Nurse,111-209,09:00-17:00,2
S211,StaffName_210,Nurse,111-210,09:00-17:00,7
S212,StaffName_211,Nurse,111-211,09:00-17:00,9
S213,StaffName_212,Nurse,111-212,09:00-17:00,10
S214,StaffName_213,Nurse,111-213,09:00-17:00,1
S215,StaffName_214,Nurse,111-214,09:00-17:00,2
S216,StaffName_215,Nurse,111-215,09:00-17:00,5
S217,StaffName_216,Nurse,111-216,09:00-17:00,8
S218,StaffName_217,Nurse,111-217,09:00-17:00,10
S219,StaffName_218,Nurse,111-218,09:00-17:00,5
S220,StaffName_219,Nurse,111-219,09:00-17:00,3
S221,StaffName_220,Nurse,111-220,09:00-17:00,5
S222,StaffName_221,Nurse,111-221,09:00-17:00,10
S223,StaffName_222,Nurse,111-222,09:00-17:00,6
S224,StaffName_223,Nurse,111-223,09:00-17:00,3
S225,StaffName_224,Nurse,111-224,09:00-17:00,5
S226,StaffName_225,Nurse,111-225,09:00-17:00,2
S227,StaffName_226,Nurse,111-226,09:00-17:00,9
S228,StaffName_227,Nurse,111-227,09:00-17:00,10
S229,StaffName_228,Nurse,111-228,09:00-17:00,2
S230,StaffName_229,Nurse,111-229,09:00-17:00,6
S231,StaffName_230,Nurse,111-230,09:00-17:00,9
S232,StaffName_231,Nurse,111-231,09:00-17:00,2
S233,StaffName_232,Nurse,111-232,09:00-17:00,5
S234,StaffName_233,Nurse,111-233,09:00-17:00,4
S235,StaffName_234,Nurse,111-234,09:00-17:00,6
S236,StaffName_235,Nurse,111-235,09:00-17:00,10
S237,StaffName_236,Nurse,111-236,09:00-17:00,5
S238,StaffName_237,Nurse,111-237,09:00-17:00,7
S239,StaffName_238,Nurse,111-238,09:00-17:00,6
S240,StaffName_239,Nurse,111-239,09:00-17:00,5
S241,StaffName_240,Nurse,111-240,09:00-17:00,6
S242,StaffName_241,Nurse,111-241,09:00-17:00,1
S243,StaffName_242,Nurse,111-242,09:00-17:00,10
S244,StaffName_243,Nurse,111-243,09:00-17:00,4
S245,StaffName_244,Nurse,111-244,09:00-17:00,5
S246,StaffName_245,Nurse,111-245,09:00-17:00,10
S247,StaffName_246,Nurse,111-246,09:00-17:00,1
S248,StaffName_247,Nurse,111-247,09:00-17:00,9
S249,StaffName_248,Nurse,111-248,09:00-17:00,10
S250,StaffName_249,Nurse,111-249,09:00-17:00,1
S251,StaffName_250,Nurse,111-250,09:00-17:00,4
S252,StaffName_251,Nurse,111-251,09:00-17:00,7
S253,StaffName_252,Nurse,111-252,09:00-17:00,4
S254,StaffName_253,Nurse,111-253,09:00-17:00,6
S255,StaffName_254,Nurse,111-254,09:00-17:00,8
S256,StaffName_255,Nurse,111-255,09:00-17:00,9
S257,StaffName_256,Nurse,111-256,09:00-17:00,9
S258,StaffName_257,Nurse,111-257,09:00-17:00,5
S259,StaffName_258,Nurse,111-258,09:00-17:00,10
S260,StaffName_259,Nurse,111-259,09:00-17:00,7
S261,StaffName_260,Nurse,111-260,09:00-17:00,4
S262,StaffName_261,Nurse,111-261,09:00-17:00,3
S263,StaffName_262,Nurse,111-262,09:00-17:00,2
S264,StaffName_263,Nurse,111-263,09:00-17:00,6
S265,StaffName_264,Nurse,111-264,09:00-17:00,10
S266,StaffName_265,Nurse,111-265,09:00-17:00,5
S267,StaffName_266,Nurse,111-266,09:00-17:00,9
S268,StaffName_267,Nurse,111-267,09:00-17:00,1
S269,StaffName_268,Nurse,111-268,09:00-17:00,3
S270,StaffName_269,Nurse,111-269,09:00-17:00,6
S271,StaffName_270,Nurse,111-270,09:00-17:00,2
S272,StaffName_271,Nurse,111-271,09:00-17:00,2
S273,StaffName_272,Nurse,111-272,09:00-17:00,9
S274,StaffName_273,Nurse,111-273,09:00-17:00,9
S275,StaffName_274,Nurse,111-274,09:00-17:00,5
S276,StaffName_275,Nurse,111-275,09:00-17:00,4
S277,StaffName_276,Nurse,111-276,09:00-17:00,10
S278,StaffName_277,Nurse,111-277,09:00-17:00,6
S279,StaffName_278,Nurse,111-278,09:00-17:00,10
S280,StaffName_279,Nurse,111-279,09:00-17:00,6
S281,StaffName_280,Nurse,111-280,09:00-17:00,9
S282,StaffName_281,Nurse,111-281,09:00-17:00,7
S283,StaffName_282,Nurse,111-282,09:00-17:00,1
S284,StaffName_283,Nurse,111-283,09:00-17:00,6
S285,StaffName_284,Nurse,111-284,09:00-17:00,4
S286,StaffName_285,Nurse,111-285,09:00-17:00,8
S287,StaffName_286,Nurse,111-286,09:00-17:00,5
S288,StaffName_287,Nurse,111-287,09:00-17:00,4
S289,StaffName_288,Nurse,111-288,09:00-17:00,3
S290,StaffName_289,Nurse,111-289,09:00-17:00,5
S291,StaffName_290,Nurse,111-290,09:00-17:00,8
S292,StaffName_291,Nurse,111-291,09:00-17:00,9
S293,StaffName_292,Nurse,111-292,09:00-17:00,8
S294,StaffName_293,Nurse,111-293,09:00-17:00,1
S295,StaffName_294,Nurse,111-294,09:00-17:00,3
S296,StaffName_295,Nurse,111-295,09:00-17:00,5
S297,StaffName_296,Nurse,111-296,09:00-17:00,1
S298,StaffName_297,Nurse,111-297,09:00-17:00,4
S299,StaffName_298,Nurse,111-298,09:00-17:00,3
S300,StaffName_299,Nurse,111-299,09:00-17:00,2
S301,StaffName_300,Nurse,111-300,09:00-17:00,4
S302,StaffName_301,Nurse,111-301,09:00-17:00,3
S303,StaffName_302,Nurse,111-302,09:00-17:00,9
S304,StaffName_303,Nurse,111-303,09:00-17:00,1
S305,StaffName_304,Nurse,111-304,09:00-17:00,3
S306,StaffName_305,Nurse,111-305,09:00-17:00,2
S307,StaffName_306,Nurse,111-306,09:00-17:00,5
S308,StaffName_307,Nurse,111-307,09:00-17:00,7
S309,StaffName_308,Nurse,111-308,09:00-17:00,6
S310,StaffName_309,Nurse,111-309,09:00-17:00,8
S311,StaffName_310,Nurse,111-310,09:00-17:00,10
S312,StaffName_311,Nurse,111-311,09:00-17:00,7
S313,StaffName_312,Nurse,111-312,09:00-17:00,6
S314,StaffName_313,Nurse,111-313,09:00-17:00,3
S315,StaffName_314,Nurse,111-314,09:00-17:00,1
S316,StaffName_315,Nurse,111-315,09:00-17:00,5
S317,StaffName_316,Nurse,111-316,09:00-17:00,3
S318,StaffName_317,Nurse,111-317,09:00-17:00,10
S319,StaffName_318,Nurse,111-318,09:00-17:00,6
S320,StaffName_319,Nurse,111-319,09:00-17:00,7
S321,StaffName_320,Nurse,111-320,09:00-17:00,1
S322,StaffName_321,Nurse,111-321,09:00-17:00,10
S323,StaffName_322,Nurse,111-322,09:00-17:00,9
S324,StaffName_323,Nurse,111-323,09:00-17:00,4
S325,StaffName_324,Nurse,111-324,09:00-17:00,2
S326,StaffName_325,Nurse,111-325,09:00-17:00,9
S327,StaffName_326,Nurse,111-326,09:00-17:00,1
S328,StaffName_327,Nurse,111-327,09:00-17:00,2
S329,StaffName_328,Nurse,111-328,09:00-17:00,8
S330,StaffName_329,Nurse,111-329,09:00-17:00,8
S331,StaffName_330,Nurse,111-330,09:00-17:00,1
S332,StaffName_331,Nurse,111-331,09:00-17:00,9
S333,StaffName_332,Nurse,111-332,09:00-17:00,6
S334,StaffName_333,Nurse,111-333,09:00-17:00,8
S335,StaffName_334,Nurse,111-334,09:00-17:00,7
S336,StaffName_335,Nurse,111-335,09:00-17:00,2
S337,StaffName_336,Nurse,111-336,09:00-17:00,3
S338,StaffName_337,Nurse,111-337,09:00-17:00,3
S339,StaffName_338,Nurse,111-338,09:00-17:00,7
S340,StaffName_339,Nurse,111-339,09:00-17:00,7
S341,StaffName_340,Nurse,111-340,09:00-17:00,7
S342,StaffName_341,Nurse,111-341,09:00-17:00,4
S343,StaffName_342,Nurse,111-342,09:00-17:00,8
S344,StaffName_343,Nurse,111-343,09:00-17:00,3
S345,StaffName_344,Nurse,111-344,09:00-17:00,8
S346,StaffName_345,Nurse,111-345,09:00-17:00,1
S347,StaffName_346,Nurse,111-346,09:00-17:00,5
S348,StaffName_347,Nurse,111-347,09:00-17:00,5
S349,StaffName_348,Nurse,111-348,09:00-17:00,7
S350,StaffName_349,Nurse,111-349,09:00-17:00,2
S351,StaffName_350,Nurse,111-350,09:00-17:00,2
S352,StaffName_351,Nurse,111-351,09:00-17:00,2
S353,StaffName_352,Nurse,111-352,09:00-17:00,5
S354,StaffName_353,Nurse,111-353,09:00-17:00,1
S355,StaffName_354,Nurse,111-354,09:00-17:00,5
S356,StaffName_355,Nurse,111-355,09:00-17:00,9
S357,StaffName_356,Nurse,111-356,09:00-17:00,6
S358,StaffName_357,Nurse,111-357,09:00-17:00,8
S359,StaffName_358,Nurse,111-358,09:00-17:00,7
S360,StaffName_359,Nurse,111-359,09:00-17:00,9
S361,StaffName_360,Nurse,111-360,09:00-17:00,2
S362,StaffName_361,Nurse,111-361,09:00-17:00,4
S363,StaffName_362,Nurse,111-362,09:00-17:00,8
S364,StaffName_363,Nurse,111-363,09:00-17:00,10
S365,StaffName_364,Nurse,111-364,09:00-17:00,10
S366,StaffName_365,Nurse,111-365,09:00-17:00,6
S367,StaffName_366,Nurse,111-366,09:00-17:00,7
S368,StaffName_367,Nurse,111-367,09:00-17:00,2
S369,StaffName_368,Nurse,111-368,09:00-17:00,8
S370,StaffName_369,Nurse,111-369,09:00-17:00,7
S371,StaffName_370,Nurse,111-370,09:00-17:00,4
S372,StaffName_371,Nurse,111-371,09:00-17:00,1
S373,StaffName_372,Nurse,111-372,09:00-17:00,4
S374,StaffName_373,Nurse,111-373,09:00-17:00,6
S375,StaffName_374,Nurse,111-374,09:00-17:00,4
S376,StaffName_375,Nurse,111-375,09:00-17:00,3
S377,StaffName_376,Nurse,111-376,09:00-17:00,4
S378,StaffName_377,Nurse,111-377,09:00-17:00,8
S379,StaffName_378,Nurse,111-378,09:00-17:00,5
S380,StaffName_379,Nurse,111-379,09:00-17:00,6
S381,StaffName_380,Nurse,111-380,09:00-17:00,6
S382,StaffName_381,Nurse,111-381,09:00-17:00,7
S383,StaffName_382,Nurse,111-382,09:00-17:00,4
S384,StaffName_383,Nurse,111-383,09:00-17:00,8
S385,StaffName_384,Nurse,111-384,09:00-17:00,2
S386,StaffName_385,Nurse,111-385,09:00-17:00,9
S387,StaffName_386,Nurse,111-386,09:00-17:00,3
S388,StaffName_387,Nurse,111-387,09:00-17:00,9
S389,StaffName_388,Nurse,111-388,09:00-17:00,6
S390,StaffName_389,Nurse,111-389,09:00-17:00,2
S391,StaffName_390,Nurse,111-390,09:00-17:00,8
S392,StaffName_391,Nurse,111-391,09:00-17:00,5
S393,StaffName_392,Nurse,111-392,09:00-17:00,9
S394,StaffName_393,Nurse,111-393,09:00-17:00,2
S395,StaffName_394,Nurse,111-394,09:00-17:00,2
S396,StaffName_395,Nurse,111-395,09:00-17:00,8
S397,StaffName_396,Nurse,111-396,09:00-17:00,6
S398,StaffName_397,Nurse,111-397,09:00-17:00,6
S399,StaffName_398,Nurse,111-398,09:00-17:00,3
S400,StaffName_399,Nurse,111-399,09:00-17:00,5
S401,StaffName_400,Nurse,111-400,09:00-17:00,1
S402,StaffName_401,Nurse,111-401,09:00-17:00,4
S403,StaffName_402,Nurse,111-402,09:00-17:00,2
S404,StaffName_403,Nurse,111-403,09:00-17:00,10
S405,StaffName_404,Nurse,111-404,09:00-17:00,7
S406,StaffName_405,Nurse,111-405,09:00-17:00,2
S407,StaffName_406,Nurse,111-406,09:00-17:00,10
S408,StaffName_407,Nurse,111-407,09:00-17:00,2
S409,StaffName_408,Nurse,111-408,09:00-17:00,9
S410,StaffName_409,Nurse,111-409,09:00-17:00,7
S411,StaffName_410,Nurse,111-410,09:00-17:00,9
S412,StaffName_411,Nurse,111-411,09:00-17:00,4
S413,StaffName_412,Nurse,111-412,09:00-17:00,2
S414,StaffName_413,Nurse,111-413,09:00-17:00,1
S415,StaffName_414,Nurse,111-414,09:00-17:00,4
S416,StaffName_415,Nurse,111-415,09:00-17:00,5
S417,StaffName_416,Nurse,111-416,09:00-17:00,9
S418,StaffName_417,Nurse,111-417,09:00-17:00,3
S419,StaffName_418,Nurse,111-418,09:00-17:00,4
S420,StaffName_419,Nurse,111-419,09:00-17:00,9
S421,StaffName_420,Nurse,111-420,09:00-17:00,7
S422,StaffName_421,Nurse,111-421,09:00-17:00,5
S423,StaffName_422,Nurse,111-422,09:00-17:00,3
S424,StaffName_423,Nurse,111-423,09:00-17:00,1
S425,StaffName_424,Nurse,111-424,09:00-17:00,4
S426,StaffName_425,Nurse,111-425,09:00-17:00,3
S427,StaffName_426,Nurse,111-426,09:00-17:00,8
S428,StaffName_427,Nurse,111-427,09:00-17:00,5
S429,StaffName_428,Nurse,111-428,09:00-17:00,10
S430,StaffName_429,Nurse,111-429,09:00-17:00,1
S431,StaffName_430,Nurse,111-430,09:00-17:00,10
S432,StaffName_431,Nurse,111-431,09:00-17:00,7
S433,StaffName_432,Nurse,111-432,09:00-17:00,1
S434,StaffName_433,Nurse,111-433,09:00-17:00,2
S435,StaffName_434,Nurse,111-434,09:00-17:00,4
S436,StaffName_435,Nurse,111-435,09:00-17:00,10
S437,StaffName_436,Nurse,111-436,09:00-17:00,5
S438,StaffName_437,Nurse,111-437,09:00-17:00,2
S439,StaffName_438,Nurse,111-438,09:00-17:00,1
S440,StaffName_439,Nurse,111-439,09:00-17:00,7
S441,StaffName_440,Nurse,111-440,09:00-17:00,9
S442,StaffName_441,Nurse,111-441,09:00-17:00,4
S443,StaffName_442,Nurse,111-442,09:00-17:00,8
S444,StaffName_443,Nurse,111-443,09:00-17:00,9
S445,StaffName_444,Nurse,111-444,09:00-17:00,3
S446,StaffName_445,Nurse,111-445,09:00-17:00,9
S447,StaffName_446,Nurse,111-446,09:00-17:00,6
S448,StaffName_447,Nurse,111-447,09:00-17:00,7
S449,StaffName_448,Nurse,111-448,09:00-17:00,2
S450,StaffName_449,Nurse,111-449,09:00-17:00,8
S451,StaffName_450,Nurse,111-450,09:00-17:00,2
S452,StaffName_451,Nurse,111-451,09:00-17:00,8
S453,StaffName_452,Nurse,111-452,09:00-17:00,6
S454,StaffName_453,Nurse,111-453,09:00-17:00,4
S455,StaffName_454,Nurse,111-454,09:00-17:00,8
S456,StaffName_455,Nurse,111-455,09:00-17:00,1
S457,StaffName_456,Nurse,111-456,09:00-17:00,5
S458,StaffName_457,Nurse,111-457,09:00-17:00,10
S459,StaffName_458,Nurse,111-458,09:00-17:00,5
S460,StaffName_459,Nurse,111-459,09:00-17:00,4
S461,StaffName_460,Nurse,111-460,09:00-17:00,4
S462,StaffName_461,Nurse,111-461,09:00-17:00,6
S463,StaffName_462,Nurse,111-462,09:00-17:00,6
S464,StaffName_463,Nurse,111-463,09:00-17:00,4
S465,StaffName_464,Nurse,111-464,09:00-17:00,5
S466,StaffName_465,Nurse,111-465,09:00-17:00,4
S467,StaffName_466,Nurse,111-466,09:00-17:00,7
S468,StaffName_467,Nurse,111-467,09:00-17:00,6
S469,StaffName_468,Nurse,111-468,09:00-17:00,8
S470,StaffName_469,Nurse,111-469,09:00-17:00,5
S471,StaffName_470,Nurse,111-470,09:00-17:00,1
S472,StaffName_471,Nurse,111-471,09:00-17:00,8
S473,StaffName_472,Nurse,111-472,09:00-17:00,4
S474,StaffName_473,Nurse,111-473,09:00-17:00,1
S475,StaffName_474,Nurse,111-474,09:00-17:00,8
S476,StaffName_475,Nurse,111-475,09:00-17:00,3
S477,StaffName_476,Nurse,111-476,09:00-17:00,4
S478,StaffName_477,Nurse,111-477,09:00-17:00,5
S479,StaffName_478,Nurse,111-478,09:00-17:00,4
S480,StaffName_479,Nurse,111-479,09:00-17:00,5
S481,StaffName_480,Nurse,111-480,09:00-17:00,7
S482,StaffName_481,Nurse,111-481,09:00-17:00,7
S483,StaffName_482,Nurse,111-482,09:00-17:00,4
S484,StaffName_483,Nurse,111-483,09:00-17:00,7
S485,StaffName_484,Nurse,111-484,09:00-17:00,1
S486,StaffName_485,Nurse,111-485,09:00-17:00,6
S487,StaffName_486,Nurse,111-486,09:00-17:00,2
S488,StaffName_487,Nurse,111-487,09:00-17:00,8
S489,StaffName_488,Nurse,111-488,09:00-17:00,2
S490,StaffName_489,Nurse,111-489,09:00-17:00,2
S491,StaffName_490,Nurse,111-490,09:00-17:00,5
S492,StaffName_491,Nurse,111-491,09:00-17:00,8
S493,StaffName_492,Nurse,111-492,09:00-17:00,5
S494,StaffName_493,Nurse,111-493,09:00-17:00,5
S495,StaffName_494,Nurse,111-494,09:00-17:00,6
S496,StaffName_495,Nurse,111-495,09:00-17:00,3
S497,StaffName_496,Nurse,111-496,09:00-17:00,1
S498,StaffName_497,Nurse,111-497,09:00-17:00,10
S499,StaffName_498,Nurse,111-498,09:00-17:00,2
S500,StaffName_499,Nurse,111-499,09:00-17:00,9
